,cor_name,cor_rate,obligation
0,신영스팩8호,,0.00%
1,IBKS스팩19호,,0.00%
2,대성하이텍,1934.89:1,4.57%
3,쏘카,56.07:1,0.17%
4,에이치와이티씨,1480.78:1,6.08%
5,새빗켐,1670.90:1,37.70%
6,유안타스팩9호,,0.00%
7,수산인더스트리,130.37:1,18.94%
8,에이프릴바이오,14.43,10.66%
9,신한스팩10호,,0.00%
10,아이씨에이치,57.28:1,12.47%
11,성일하이텍,2269.68:1,38.66%
12,IBKS스팩18호,,0.00%
13,루닛,7.10,1.65%
14,대신밸런스12호스팩,,0.00%
15,에이치피에스피,1511.36:1,42.54%
16,영창케미칼,"1,616.27:1",5.92%
17,삼성스팩6호,,0.00%
18,넥스트칩,1623.41:1,11.58%
19,NH스팩23호,,0.00%
20,위니아에이드,955:1,1.39%
21,레이저쎌,1442.95:1,12.43%
22,KB스팩21호,,0.00%
23,교보스팩12호,,0.00%
24,보로노이,28.35,0.00%
25,범한퓨얼셀,751.39:1,10.75%
26,비플라이소프트,111.05:1,0.76%
27,청담글로벌,24.79,16.47%
28,하나금융스팩22호,,0.00%
29,가온칩스,1847.12:1,14.70%
30,마스턴프리미어리츠,,0.00%
31,대명에너지,254.74:1,1.18%
32,상상인스팩3호,,0.00%
33,포바이포,1846.32,55.52%
34,신영스팩7호,,0.00%
35,신한스팩9호,,0.00%
36,미래에셋비전스팩1호,,0.00%
37,키움스팩6호,,0.00%
38,지투파워,1729.63:1,11.16%
39,유진스팩8호,,0.00%
40,세아메카닉스,1812.83:1,6.73%
41,공구우먼,56.9:1,2.65%
42,유일로보틱스,1756.45:1,15.92%
43,모아데이타,114.19:1,0.87%
44,코람코더원리츠,,0.00%
45,SK증권스팩7호,,0.00%
46,비씨엔씨,1831.23:1,22.84%
47,노을,31.50:1,0.00%
48,브이씨,190.59:1,19.93%
49,풍원정밀,1556.53:1,11.00%
50,스톤브릿지벤처스,20.06:1,0.00%
51,하나금융스팩21호,,0.00%
52,퓨런티어,1535.42:1,11.08%
53,IBKS스팩17호,,0.00%
54,한국스팩10호,,0.00%
55,바이오에프디엔씨,74.01:1,11.80%
56,인카금융서비스,13.69:1,4.19%
57,나래나노텍,102:1,0.97%
58,아셈스,1618.26:1,7.71%
59,스코넥,1724.66:1,59.95%
60,이지트로닉스,1343.51:1,2.94%
61,LG에너지솔루션,2023.37:1,77.38%
62,애드바이오텍,102.15:1,0.00%
63,디비금융스팩10호,,0.00%
64,케이옥션,1638.36:1,36.80%
65,오토앤,1713:1,8.34%
66,래몽래인,1545.68:1,17.75%
67,하나금융스팩20호,,0.00%
68,NH스팩22호,,0.00%
69,하이스팩7호,,0.00%
70,교보스팩11호,,0.00%
71,케이티비네트워크,50.19:1,6.94%
72,툴젠,29.54:1,0.10%
73,대신밸런스스팩11호,,0.00%
74,신한서부티엔디리츠,564.84:1,15.28%
75,미래에셋글로벌리츠,1019.58:1,17.34%
76,마인즈랩,197.55:1,19.74%
77,알비더블유,1719.61,15.98%
78,바이옵트로,205.12:1,0.98%
79,트윔,1627.34:1:,9.20%
80,지오엘리먼트,1613.84,15.23%
81,NH올원리츠,628.2:1,17.07%
82,비트나인,1662.29:1,5.96%
83,디어유,2001.11:1,37.46%
84,아이티아이즈,1601.14:1,9.11%
85,지니너스,66.03:1,0.10%
86,카카오페이,1714.47:1,70.44%
87,피코그램,1472.19:1,12.96%
88,엔켐,1647.40,64.45%
89,리파인,64.19:1,3.22%
90,지앤비에스엔지니어링,1134.34:1,4.37%
91,아이패밀리에스씨,63.10:1,0.00%
92,차백신연구소,206.23:1,1.93%
93,지아이텍,2068.17,25.28%
94,NH스팩21호,,0.00%
95,씨유테크,1565.03:1,22.76%
96,아스플로,2142.7:1,12.10%
97,원준,1464.10:1,44.30%
98,하나금융스팩19호,,0.00%
99,NH스팩20호,,0.00%
100,케이카,40:1,0.00%
101,실리콘투,1437.63:1,8.37%
102,프롬바이오,85.71:1,1.45%
103,신한스팩8호,,0.00%
104,바이오플러스,1220.2:1,7.80%
105,에스앤디,173.11:1,0.01%
106,현대중공업,1835.87:1,53.09%
107,유진스팩7호,,0.00%
108,와이엠텍,1696.19:1,31.59%
109,에이비온,139.36:1,4.30%
110,SK리츠,,0.00%
111,일진하이솔루스,1471.01:1,61.52%
112,IBKS스팩16호,,0.00%
113,바이젠셀,1271.21:1,13.61%
114,브레인즈컴퍼니,1428.8:1,8.92%
115,롯데렌탈,217.63:1,14.65%
116,딥노이드,1179.07:1,7.29%
117,아주스틸,1776.9:1,16.33%
118,플래티어,1631:1,18.29%
119,엠로,685.60:1,6.97%
120,한컴라이프케어,418.99:1,3.27%
121,원티드랩,1503.91:1,10.98%
122,디앤디플랫폼리츠,,0.00%
123,에이치케이이노엔,1871.36:1,13.49%
124,한화플러스스팩2호,,0.00%
125,카카오뱅크,1732.83:1,45.28%
126,크래프톤,243.15:1,22.05%
127,에브리봇,576.74:1,0.67%
128,맥스트,1587.01:1,39.13%
129,큐라클,1219.27:1,7.23%
130,에스디바이오센서,1143.76:1,12.45%
131,오비고,1123.74,7.68%
132,아모센스,116.79:1,2.57%
133,삼성머스트스팩5호,,0.00%
134,이노뎁,1573.93:1,6.05%
135,라온테크,1526.2:1,8.90%
136,엘비루셈,1419.23:1,4.48%
137,에이디엠코리아,1515.98:1,12.35%
138,제주맥주,1356.43:1,5.47%
139,삼영에스앤씨,1762.39,15.27%
140,삼성스팩4호,,0.00%
141,진시스템,934.07:1,1.50%
142,NH스팩19호,,0.00%
143,샘씨엔에스,1537.67:1,26.07%
144,씨앤씨인터내셔널,1029.14:1,5.28%
145,에이치피오,252.13:1,4.12%
146,하이스팩6호,,0.00%
147,SK아이이테크놀로지,1882.88:1,63.20%
148,쿠콘,1594.61:1,30.90%
149,해성티피씨,1508.95:1,16.05%
150,이삭엔지니어링,1427.15:1,20.73%
151,유진스팩6호,,0.00%
152,유안타스팩8호,,0.00%
153,엔시스,1467.73:1,21.73%
154,자이언트스텝,1691.65:1,24.42%
155,제노코,1452.49:1,22.15%
156,라이프시맨틱스,1402.17:1,3.78%
157,SK바이오사이언스,1275.47:1,59.92%
158,바이오다인,1364.85:1,8.80%
159,디비금융스팩9호,,0.00%
160,싸이버원,1303.1:1,9.70%
161,네오이뮨텍,1374.09:1,25.54%
162,프레스티지바이오로직스,369.91:1,6.50%
163,나노씨엠에스,1295.75:1,6.65%
164,하나머스트스팩7호,,0.00%
165,IBKS스팩15호,,0.00%
166,뷰노,1457.21:1,23.80%
167,씨이랩,1371.37:1,12.97%
168,오로스테크놀로지,1260:1,37.12%
169,유일에너테크,1427.69:1,61.06%
170,피엔에이치테크,1454.47:1,9.58%
171,하나금융스팩17호,,0.00%
172,아이퀘스트,1504.02:1,18.70%
173,프레스티지바이오파마,819.76:1,19.31%
174,와이더플래닛,1449.22:1,9.59%
175,레인보우로보틱스,1489.9:1,19.90%
176,신한스팩7호,,0.00%
177,솔루엠,1167.55:1,20.79%
178,모비릭스,1407.53:1,5.73%
179,핑거,1453.12:1,12.64%
180,씨앤투스성진,1010.02:1,1.70%
181,선진뷰티사이언스,1431:1,17.83%
182,엔비티,1425.3:1,10.70%
183,한국스팩9호,,0.00%
184,유안타스팩7호,,0.00%
185,석경에이티,1390.29:1,6.68%
186,대신밸런스스팩9호,,0.00%
187,프리시젼바이오,1231.23:1,1.62%
188,지놈앤컴퍼니,1163.49:1,9.08%
189,엔에이치스팩18호,,0.00%
190,알체라,1315.61:1,3.88%
191,에이치엠씨아이비스팩5호,,0.00%
192,에프앤가이드,1327.98:1,7.60%
193,티엘비,1318.82:1,6.10%
194,인바이오,1386.04:1,8.23%
195,퀀타매트릭스,185.56:1,4.60%
196,이에스알켄달스퀘어리츠,,0.00%
197,명신산업,1195.69:1,30.60%
198,디비금융스팩8호,,0.00%
199,엔젠바이오,1006.96:1,3.33%
200,앱코,1141.02:1,3.64%
201,클리노믹스,494.20:1,2.05%
202,엔에프씨,979.94:1,6.15%
203,포인트모바일,1447.07:1,18.19%
204,제일전기공업,1196.21:1,8.86%
205,티앤엘,338.91:1,0.41%
206,하나기술,1393.98:1,16.83%
207,에이플러스에셋어드바이저,3.66:1,25.40%
208,고바이오랩,64.33:1,0.03%
209,네패스아크,707.7:1,1.60%
210,교촌에프앤비,999.44:1,3.90%
211,소룩스,1135.7:1,0.80%
212,위드텍,1336.49:1,23.53%
213,센코,848.37:1,2.20%
214,바이브컴퍼니,1221.45:1,7.96%
215,미코바이오메드,159.15:1,0.02%
216,하이브(구.빅히트),1117.25:1,43.85%
217,피플바이오,40.4:1,0.00%
218,넥스틴,30.25:1,23.30%
219,원방테크,406.8:1,3.20%
220,엔에이치스팩17호,,0.00%
221,비나텍,1098.10:1,22.47%
222,박셀바이오,94.18:1,11.68%
223,압타머사이언스,830.32:1,3.27%
224,비비씨,977.5:1,3.90%
225,핌스,1210.28:1,4.39%
226,교보스팩10호,,0.00%
227,이오플로우,150.87:1,14.83%
228,카카오게임즈,1478.53:1,58.59%
229,피엔케이피부임상연구센타,1372.51:1,17.10%
230,미래에셋대우스팩5호,,0.00%
231,아이디피,894:1,7.40%
232,셀레믹스,1203.41:1,5.41%
233,브랜드엑스코퍼레이션,47.06:1,0.00%
234,미투젠,1114.56:1,1.35%
235,코람코에너지플러스리츠,,0.00%
236,영림원소프트랩,1269.3:1,4.30%
237,한국파마,1296.86:1,0.00%
238,이루다,1316.5:1,7.80%
239,와이팜,407.01:1,8.01%
240,제이알글로벌리츠,,0.00%
241,에이치엠씨아이비스팩4호,,0.00%
242,이엔드디,1168.72:1,8.99%
243,엠투아이,61.70:1,1.60%
244,더네이쳐홀딩스,97.21:1,8.46%
245,제놀루션,1161.09:1,21.36%
246,미래에셋맵스리츠1호,,0.00%
247,솔트룩스,528.17:1,5.58%
248,하나금융스팩16호,,0.00%
249,티에스아이,1283.73:1,4.97%
250,에이프로,1090.80:1,10.46%
251,IBKS스팩13호,,0.00%
252,이지스레지던스리츠,,0.00%
253,소마젠,69.46:1,0.00%
254,신도기연,1272.90:1,14.51%
255,위더스제약,1033.41:1,17.36%
256,SK바이오팜,835.66:1,81.15%
257,마크로밀엠브레인,1056.80:1,19.39%
258,젠큐릭스,77.03:1,0.00%
259,이지스밸류플러스리츠,87.09:1,8.70%
260,IBKS스팩14호,,0.00%
261,엘이티,1255.9:1,24.50%
262,엔에이치스팩16호,,0.00%
263,에스씨엠생명과학,1032.17:1,7.70%
264,드림씨아이에스,926.11:1,6.82%
265,이베스트스팩5호,,0.00%
266,케이프이에스스팩4호,,0.00%
267,엔피디,307.50:1,8.78%
268,에스케이스팩6호,,0.00%
269,플레이디,1270.7:1,7.55%
270,서울바이오시스,1119:1,10.50%
271,제이앤티씨,1077.88:1,6.72%
272,켄코아에어로스페이스,120.75:1,2.55%
273,레몬,426:1,6.30%
274,서남,1228.4:1,5.21%
275,신영스팩6호,,0.00%
276,위세아이텍,1105.93:1,6.95%
277,케이비스팩20호,,0.00%
278,하나금융스팩15호,,0.00%
279,천랩,51.11:1,0.00%
280,한화플러스스팩1호,,0.00%
281,피피아이,997.33:1,2.47%
282,브릿지바이오테라퓨틱스,58.85:1,0.06%
283,엔에이치스팩15호,,0.00%
284,메탈라이프,1288.21,22.46%
285,메드팩토,86.41:1,13.83%
286,하이스팩5호,,0.00%
287,대신밸런스스팩8호,,0.00%
288,유안타스팩6호,,0.00%
289,신테카바이오,75.61:1,1.32%
290,제이엘케이인스펙션,69.81:1,0.00%
291,IBKS스팩12호,,0.00%
292,태웅로직스,1024.98:1,2.53%
293,에스케이스팩5호,,0.00%
294,리메드,24.76:1,0.00%
295,코리아센터,37.77:1,6.04%
296,IBKS스팩11호,,0.00%
297,유안타스팩5호,,0.00%
298,엔에이치프라임리츠,711.65:1,43.20%
299,노터스,699.46:1,0.59%
300,센트랄모텍,862.63:1,0.00%
301,티움바이오,37.3:1,0.00%
302,우양,1195.37:1,0.00%
303,코리아에셋투자증권,945.66:1,2.25%
304,현대에너지솔루션,26.63:1,3.07%
305,씨에스베어링,1246.86:1,4.65%
306,에스제이그룹,946.62:1,13.56%
307,제테마,12.41:1,0.00%
308,라파스,202.06:1,0.00%
309,아이티엠반도체,1078.5:1,15.80%
310,미래에셋대우스팩4호,,0.00%
311,자이에스앤디,768.58:1,5.10%
312,한화시스템,23.61:1,4.24%
313,하나금융스팩14호,,0.00%
314,지누스,45.68:1,13.73%
315,티라유텍,1240.9:1,11.90%
316,미디어젠,576.27:1,1.88%
317,신한스팩6호,,0.00%
318,캐리소프트,924.83:1,2.70%
319,케이엔제이,"1,144.3:1",5.50%
320,교보스팩9호,,0.00%
321,엔바이오니아,425.80:1,3.80%
322,팜스빌,"1,035.53:1",7.05%
323,라온피플,330.36:1,1.50%
324,아톤,810.88:1,9.50%
325,대신밸런스스팩7호,,0.00%
326,녹십자웰빙,657.93:1,4.49%
327,롯데리츠,358.06:1,44.07%
328,유진스팩5호,,0.00%
329,케이비스팩19호,,0.00%
330,올리패스,11.07:1,0.40%
331,라닉스,51.68:1,0.00%
332,하나금융스팩13호,,0.00%
333,한독크린텍,1117.61:1,8.77%
334,상상인이안스팩2호,540.20:1,0.00%
335,네오크레마,96.6:1,0.00%
336,나노브릭,39.3:1,0.00%
337,미래에셋대우스팩3호,,0.00%
338,에스피시스템스,1116.32:1,13.68%
339,레이,1013.19,10.27%
340,코윈테크,163.54:1,0.90%
341,그린플러스,863.94:1,5.85%
342,세경하이테크,10.71:1,0.00%
343,덕산테코피아,348.63:1,7.17%
344,한국바이오젠,"1,087.6:1",0.00%
345,슈프리마아이디,1124.05:1,13.14%
346,윌링스,1082.15:1,18.18%
347,대모(구.대모엔지니어링),1103.1:1,15.60%
348,에이스토리,614.25:1,3.56%
349,플리토,1133:1,22.00%
350,세틀뱅크,1122:1,14.80%
351,이베스트이안스팩1호,,0.00%
352,아이스크림에듀,124.73:1,1.34%
353,펌텍코리아,5.75:1,0.00%
354,에이에프더블류,866.03:1,13.72%
355,신영스팩5호,,0.00%
356,케이비스팩18호,,0.00%
357,신한스팩5호,,0.00%
358,압타바이오,856.41:1,35.10%
359,까스텔바쟉,32.53:1,3.86%
360,디비금융스팩7호,,0.00%
361,마이크로디지탈,621.48:1,2.29%
362,유진스팩4호,,0.00%
363,컴퍼니케이파트너스,865.66:1,27.80%
364,수젠텍,75.21:1,3.15%
365,엔에이치스팩14호,,0.00%
366,에스앤케이,317.30:1,11.59%
367,한화에스비아이스팩,,0.00%
368,하이스팩4호,,0.00%
369,현대오토에버,797.36:1,57.79%
370,케이비스팩17호,,0.00%
371,아모그린텍,164.22:1,3.05%
372,지노믹트리,372:1,22.80%
373,이지케어텍,1108.03:1,40.25%
374,유안타스팩4호,,0.00%
375,미래에셋벤처투자,441.4:1,3.70%
376,드림텍,395.96:1,0.80%
377,에코프로비엠,988.49:1,45.04%
378,셀리드,778.77:1,10.49%
379,천보,891.1:1,15.80%
380,이노테라피,154.44:1,2.83%
381,노랑풍선,978.43:1,12.42%
382,웹케시,614:1,6.80%
383,에어부산,23.89:1,0.40%
384,키움스팩5호,,0.00%
385,비피도,74.62:1,0.00%
386,엔에이치스팩13호,,0.00%
387,유틸렉스,597.20:1,18.63%
388,디케이티,771.42:1,3.50%
389,에이비엘바이오,60.08:1,10.99%
390,위지윅스튜디오,177.33:1,1.13%
391,미래에셋대우스팩2호,,0.00%
392,한국스팩8호,,0.00%
393,신영스팩4호,,0.00%
394,삼성머스트스팩3호,,0.00%
395,대신밸런스스팩6호,,0.00%
396,머큐리,749.57:1,13.35%
397,전진바이오팜,14.69:1,27.20%
398,이노메트리,765.22:1,11.39%
399,뉴트리,28.68:1,0.00%
400,골든브릿지이안스팩5호,,0.00%
401,에스케이에이씨피씨스팩4호,,0.00%
402,대유에이피,299.23:1,0.00%
403,교보스팩8호,,0.00%
404,하나머스트스팩6호,,0.00%
405,베스파,24.81,0.00%
406,윙입푸드,131.15:1,0.00%
407,티로보틱스,56.9,0.00%
408,에코캡,20.66:1,0.00%
409,티앤알바이오팹,101.9:1,1.00%
410,엠아이텍,472.57:1,0.42%
411,네오펙트,338.01:1,0.89%
412,남화산업,822.09:1,6.14%
413,싸이토젠,608.85:1,0.70%
414,아시아나IDT,7.04:1,0.00%
415,아주IB투자,40.55:1,0.00%
416,디알젬,785.43:1,1.05%
417,파멥신,764.16:1,18.81%
418,디케이앤디,256.3:1,0.00%
419,디자인,771.73,3.86%
420,노바렉스,48.64:1,18.99%
421,셀리버리,698.98:1,16.80%
422,대보마그네틱,995.40:1,45.41%
423,디비금융스팩6호,,0.00%
424,엘앤씨바이오,937.08:1,17.27%
425,노바텍,66.32:1,0.03%
426,옵티팜,94.57:1,11.60%
427,로보티즈,958.60:1,39.80%
428,에스퓨얼셀,942.85:1,40.50%
429,크리스에프앤씨,7.89:1,0.00%
430,푸드나무,791.08:1,16.50%
431,나우아이비캐피탈,63.17:1,0.00%
432,IBKS스팩10호,,0.00%
433,하나제약,101.50:1,0.10%
434,지티지웰니스,946.89:1,4.22%
435,우진아이엔에스,129.06:1,0.77%
436,명성티엔에스,745.56:1,11.73%
437,삼성스팩2호,,0.00%
438,디지캡,979.06:1,4.18%
439,대신밸런스스팩5호,,0.00%
440,액트로,132.07:1,1.86%
441,에이피티씨,20.99:1,8.70%
442,오파스넷,861.66:1,14.22%
443,바이오솔루션,174.79:1,5.04%
444,대유,148.39:1,0.00%
445,에스에스알,928.44:1,41.62%
446,휴네시온,751.89:1,8.90%
447,디아이티,105.14:1,6.80%
448,티웨이항공,23.03:1,0.00%
449,롯데정보통신,79.33:1,25.90%
450,한국유니온제약,918.99:1,9.40%
451,엠코르셋,766.05:1,16.40%
452,IBKS스팩9호,,0.00%
453,올릭스,876.72:1,74.03%
454,아이큐어,642.1:1,5.08%
455,에스브이인베스트먼트,786.73:1,4.70%
456,이원다이애그노믹스,749.79:1,27.87%
457,이리츠코크렙기업,6.29:1,0.00%
458,파워넷,590.60:1,7.66%
459,하나금융스팩11호,,0.00%
460,현대사료,839.16:1,31.92%
461,세종메디칼,836.68:1,39.75%
462,제노레이,907.12:1,32.59%
463,한국스팩7호,,0.00%
464,유안타스팩3호,,0.00%
465,대신밸런스스팩3호,,0.00%
466,제이티씨(JTC),478:1,24.17%
467,케어랩스,934.42:1,40.19%
468,애경산업,24.30:1,8.51%
469,린드먼아시아인베스트먼트,640.8:1,27.40%
470,에코마이스터,15.54:1,0.00%
471,엔지켐생명과학,258.68:1,13.25%
472,오스테오닉,442:1,1.70%
473,동구바이오제약,727.70:1,53.41%
474,아시아종묘,239.52:1,4.39%
475,알리코제약,389.27:1,9.38%
476,카페24,672.71:1,42.90%
477,링크제니시스,754.60:1,35.90%
478,배럴,298.48:1,9.06%
479,에스지이,17.03:1,0.00%
480,씨앤지하이테크,249.23:1,0.00%
481,시스웍,78.86:1,0.44%
482,한국스팩6호,,0.00%
483,디바이스이엔지,11.40:1,0.00%
484,동부스팩5호,,0.00%
485,진에어,274.55:1,7.30%
486,동양피스톤,62.80:1,0.00%
487,메카로,719.26:1,42.07%
488,씨티케이코스메틱스,188.65:1,6.60%
489,에스트래픽,605.02:1,13.40%
490,대원,247.25:1,0.20%
491,체리부로,265.38:1,0.40%
492,비즈니스온커뮤니케이션,513.97:1,14.90%
493,삼양패키징,16.73:1,0.36%
494,한화에이스스팩4호,,0.00%
495,IBKS스팩7호,,0.00%
496,비디아이,53.95:1,0.00%
497,테이팩스,16.81:1,0.00%
498,티슈진,299.49:1,22.45%
499,영화테크,61.83:1,0.00%
500,신한스팩4호,,0.00%
501,세원,90.67:1,0.00%
502,상신전자,601.54:1,0.00%
503,IBKS스팩8호,,0.00%
504,에스엔피월드,534.27:1,4.97%
505,야스,28.90:1,7.15%
506,유티아이,5.05:1,0.40%
507,신흥에스이씨,482.4:1,33.10%
508,엠플러스,596.2:1,27.20%
509,선익시스템,7.87:1,0.00%
510,샘코,19.26:1,0.96%
511,앱클론,564.87:1,21.72%
512,펄어비스,62.40:1,6.22%
513,케이피에스,75.3:1,0.00%
514,덕우전자,282.69:1,11.35%
515,하나금융스팩10호,,0.00%
516,이더블유케이,588.13:1,25.95%
517,컬러레이,60.49:1,0.00%
518,엔에이치스팩12호,,0.00%
519,알에스오토메이션,656.89:1,61.00%
520,모트렉스,357.12:1,11.24%
521,디앤씨미디어,539.1:1,33.50%
522,데이타솔루션,395.83:1,23.09%
523,지니언스,620.04:1,14.50%
524,셀트리온헬스케어,38.06:1,12.50%
525,이즈미디어,129.22:1,1.38%
526,한국스팩5호,,0.00%
527,힘스,729.64:1,27.48%
528,아우딘퓨쳐스,182.60:1,0.00%
529,브이원텍,557.47:1,8.30%
530,제일홀딩스,113.98:1,2.88%
531,하나금융스팩9호,,0.00%
532,교보스팩7호,,0.00%
533,한화수성스팩,,0.00%
534,보라티알,557.61:1,13.30%
535,삼양옵틱스,33.2:1,8.70%
536,필옵틱스,647.18:1,13.25%
537,IBKS스팩6호,,0.00%
538,미래에셋대우스팩1호,,0.00%
539,엔에이치스팩10호,,0.00%
540,한화에이스스팩3호,,0.00%
541,하나머티리얼즈,689.90:1,49.73%
542,케이비스팩11호,,0.00%
543,넷마블게임즈,240.74:1,47.10%
544,와이엠티,706.16:1,42.75%
545,ING생명보험,3.97:1,0.13%
546,신영스팩3호,,0.00%
547,이엘피,527.12:1,11.26%
548,서진시스템,588.93:1,36.65%
549,코미코,580.68:1,30.91%
550,아스타,18.4:1,0.00%
551,덴티움,22.96:1,0.40%
552,대신밸런스스팩4호,,0.00%
553,에스디생명공학,26.66:1,0.00%
554,모바일어플라이언스,471.31:1,19.13%
555,신한스팩3호,,0.00%
556,에프엔에스테크,624.02:1,6.26%
557,신신제약,40.88:1,0.06%
558,피씨엘,6.61:1,0.46%
559,호전실업,40.43:1,2.50%
560,서플러스글로벌,81.31:1,1.04%
561,유바이오로직스,31.09:1,0.00%
562,엔에이치스팩11호,,0.00%
563,퓨전데이타,345.36:1,12.05%
564,디에스씨인베스트먼트,11.2:1,0.00%
565,티에스인베스트먼트,30.87:1,0.00%
566,마이크로프랜드,124.3:1,0.00%
567,코썬바이오,54.22:1,0.00%
568,신라젠,74.98:1,0.00%
569,애니젠,93.9:1,0.00%
570,유니온커뮤니티,134.5:1,0.00%
571,IBKS스팩5호,,0.00%
572,퓨쳐켐,62.51:1,0.00%
573,뉴파워프라즈마,501.2:1,7.80%
574,핸즈코퍼레이션,57.64:1,1.73%
575,오션브릿지,617.92:1,10.75%
576,엘앤케이바이오,220.1:1,0.00%
577,에이치엔티일렉트로닉스,132.1:1,0.00%
578,핸디소프트,262.22:1,0.00%
579,두산밥캣,9.81:1,0.00%
580,에스케이스팩3호,,0.00%
581,삼성바이오로직스,295.63:1,24.63%
582,클리오,153.08:1,10.42%
583,오가닉티코스메틱,672.02:1,11.30%
584,로고스바이오시스템스,190.16:1,0.53%
585,아이비케이에스지엠비스팩,,0.00%
586,인크로스,492.1:1,6.10%
587,에이치엘사이언스(구.건강사랑),274.19:1,5.60%
588,코스메카코리아,573.0:1,30.80%
589,제이더블유생명과학,224.57:1,7.41%
590,그레이트리치과기,140.75:1,4.32%
591,금세기차륜(골든센츄리),181.93:1,0.55%
592,인텔리안테크놀로지스,319:1,1.30%
593,에이치시티,95.67:1,11.60%
594,잉글우드랩,226.37:1,0.00%
595,앤디포스,406.09:1,10.60%
596,수산아이앤티(구.플러스기술),157.55:1,0.64%
597,미투온,73.1:1,0.00%
598,화승엔터프라이즈,48.46:1,0.21%
599,케이비스팩10호,,0.00%
600,엘에스전선아시아,30.57:1,0.00%
601,유니테크노,233.84:1,0.00%
602,교보비엔케이스팩,,0.00%
603,하나금융스팩8호,,0.00%
604,자이글,18.90:1,0.00%
605,헝셩그룹,93.06:1,0.00%
606,에코마케팅,941.86:1,0.00%
607,엔지스테크널러지,475.6:1,21.20%
608,두올,71.69:1,0.00%
609,팍스넷,753.07:1,5.19%
610,우리손에프앤지,455.1:1,40.40%
611,옵토팩,397.4:1,2.82%
612,장원테크,216.32:1,11.30%
613,대유위니아(구.위니아만도),76.75:1,1.32%
614,한국자산신탁,149.83:1,6.37%
615,바이오리더스,352.2:1,6.50%
616,피앤씨테크,306.39:1,10.89%
617,로스웰,386.96:1,26.60%
618,해성디에스,188.69:1,12.20%
619,에스티팜,717.41:1,60.03%
620,녹십자랩셀,733.72:1,51.66%
621,한국스팩4호,,0.00%
622,알엔투테크놀로지,570.26:1,0.00%
623,미래에셋스팩5호,,0.00%
624,용평리조트,28.1:1,0.10%
625,해태제과식품,342.99:1,24.63%
626,레이언스,430.31:1,20.70%
627,씨엠에스에듀,302.17:1,28.83%
628,동양파일,12.56:1,0.00%
629,대림씨엔에스,85.25:1,15.90%
630,팬젠,614.46:1,14.04%
631,하이에이아이스팩1호,,0.00%
632,IBKS스팩4호,,0.00%
633,에이피위성통신,271.55:1,7.80%
634,케이비스팩9호,,0.00%
635,큐리언트,709.15:1,35.24%
636,안트로젠,531.1:1,30.60%
637,제이에스코퍼레이션,433.6:1,35.90%
638,아이엠텍,112.3:1,25.00%
639,차이나크리스탈신소재,36.30:1,0.90%
640,유니트론텍,455.80:1,21.70%
641,한솔씨앤피,136.97:1,5.97%
642,에스와이패널,4.88:1,0.00%
643,코리아오토글라스,57.68:1,4.47%
644,육일씨엔에쓰,8.74:1,0.00%
645,코디엠,39.79:1,2.51%
646,대신밸런스스팩2호,,0.00%
647,이에스브이,23.29:1,2.38%
648,잇츠스킨,11.53:1,8.70%
649,아진산업,11.61:1,8.70%
650,휴젤,6.7:1,8.61%
651,한국맥널티,60.5:1,0.20%
652,덱스터,255.31:1,33.10%
653,메가엠디,16.67:1,7.50%
654,씨트리,4.7:1,0.60%
655,강스템바이오텍,11.35:1,0.00%
656,동부스팩4호,,0.00%
657,파크시스템스,50.29:1,57.30%
658,보광산업,15.47,0.00%
659,예스티,32.90:1,73.30%
660,뉴트리바이오텍,93.92:1,28.32%
661,멕아이씨에스,3.77:1,0.00%
662,하나금융스팩7호,,0.00%
663,엔에스,179.61:1,21.42%
664,세진중공업,8.89:1,26.50%
665,미래테크놀로지,117.30:1,5.70%
666,엠지메드,715.39:1,14.86%
667,매직마이크로,75.03:1,1.33%
668,케이디켐,66.20:1,3.00%
669,하이즈항공,47.27:1,0.89%
670,리드,42.89:1,7.00%
671,네오오토,113.08:1,3.54%
672,골든브릿지스팩4호,,0.00%
673,아이진,408.1:1,7.50%
674,나무가,108.34:1,3.62%
675,유앤아이,377.40:1,4.00%
676,케어젠,833.46,62.00%
677,금호에이치티,46.05:1,8.00%
678,에이치엠씨스팩3호,,0.00%
679,제주항공,378.67:1,77.99%
680,더블유게임즈,413.82:1,14.66%
681,연우,317:1,51.00%
682,키움스팩4호,,0.00%
683,현대드림스팩4호,,0.00%
684,에이티젠,695.7:1,40.60%
685,엑시콘,28.34:1,0.00%
686,이베스트스팩3호,,0.00%
687,에치디프로,362.84:1,6.21%
688,IBKS스팩3호,,0.00%
689,엘아이지넥스원,121.11:1,21.50%
690,동부스팩3호,,0.00%
691,신영해피투모로우2호스팩,,0.00%
692,타이거일렉,230.02:1,1.36%
693,동일제강,309.7:1,3.10%
694,엔에이치스팩9호,,0.00%
695,제너셈,326.77:1,4.15%
696,인포마크,251.2:1,12.00%
697,아이콘트롤스,272.96:1,29.10%
698,유진스팩3호,,0.00%
699,한국스팩3호,,0.00%
700,케이티비스팩3호,,0.00%
701,교보스팩5호,,0.00%
702,웹스,438.83:1,33.54%
703,현대드림스팩3호,,0.00%
704,에이제이네트웍스,197.15:1,20.06%
705,교보스팩4호,,0.00%
706,파인텍,382.64:1,45.68%
707,미래에셋스팩4호,,0.00%
708,흥국에프엔비,666.88:1,63.87%
709,케이비스팩8호,,0.00%
710,칩스앤미디어,123.2:1,0.00%
711,아시아경제신문사,280.85:1,15.82%
712,아이쓰리시스템,768.00:1,37.60%
713,로지시스,345.68:1,13.28%
714,엘아이지이에스스팩,,0.00%
715,파마리서치프로덕트,728.06:1,57.90%
716,에스케이스팩2호,,0.00%
717,펩트론,699.59:1,67.40%
718,한화에이스스팩2호,,0.00%
719,이노션,273.09:1,52.40%
720,유안타스팩2호,,0.00%
721,토니모리,441.86:1,55.20%
722,미래에셋생명보험,40.3:1,2.07%
723,키움스팩3호,,0.00%
724,민앤지,728.82:1,45.40%
725,골든브릿지스팩3호,,0.00%
726,동운아나텍,101.68:1,7.08%
727,엔에이치스팩8호,,0.00%
728,유테크,351.10:1,8.59%
729,코아스템,868.62:1,41.74%
730,에스엔텍,189.14:1,19.88%
731,경보제약,524.56:1,34.44%
732,이베스트스팩2호,,0.00%
733,세미콘라이트,187.7:1,4.50%
734,에스케이디앤디,570.59:1,36.70%
735,베셀,437.68:1,0.00%
736,하나머스트스팩5호,,0.00%
737,대신밸런스스팩1호,,0.00%
738,하이스팩3호,,0.00%
739,싸이맥스,238.72:1,2.93%
740,엔에이치스팩7호,,0.00%
741,한화에이씨피씨스팩,,0.00%
742,픽셀플러스,131.67:1,2.25%
743,제노포커스,842.79:1,41.12%
744,미래에셋스팩3호,,0.00%
745,대우스팩3호,,0.00%
746,한화엠지아이스팩,,0.00%
747,대우에스비아이스팩1호,,0.00%
748,엔에이치스팩5호,,0.00%
749,유진에이씨피씨스팩2호,,0.00%
750,하나머스트스팩4호,,0.00%
751,한화에이스스팩1호,,0.00%
752,유지인트,643.70:1,27.15%
753,케이티비스팩2호,,0.00%
754,케이비스팩7호,,0.00%
755,NS쇼핑(구.농수산홈쇼핑),302.59:1,15.66%
756,세화아이엠씨,216.35:1,10.45%
757,포시에스,344.23:1,0.00%
758,골든브릿지스팩2호,,0.00%
759,국일신동,29.25:1,0.00%
760,NH스팩2호,,0.00%
761,영백씨엠,43.42:1,0.00%
762,케이비스팩6호,,0.00%
763,케이비스팩5호,,0.00%
764,교보스팩3호,,0.00%
765,현대드림스팩2호,,0.00%
766,오킨스전자,268.25:1,0.00%
767,넥스트엔터테인먼트월드,214.69:1,9.59%
768,하나머스트스팩3호,,0.00%
769,아스트,74.59:1,5.74%
770,아이티센,54.13:1,0.00%
771,서전기전,11.54:1,0.00%
772,하이셈,50.03:1,0.00%
773,휴메딕스,688.80:1,35.18%
774,제일모직(구.삼성에버랜드),465:1,35.14%
775,하나머스트스팩2호,,0.00%
776,하이로닉,500.56:1,22.70%
777,디티앤씨(구.디지털이엠씨),559.02:1,74.30%
778,엘아이지스팩2호,,0.00%
779,녹십자엠에스,474.11:1,0.00%
780,랩지노믹스,423.83:1,0.00%
781,에이디테크놀로지,33.19:1,7.53%
782,우리에스엘스팩,,0.00%
783,동부스팩2호,,0.00%
784,알테오젠,409.2:1,14.40%
785,비씨월드제약,356.75:1,26.60%
786,한국스팩2호,,0.00%
787,에스케이씨코오롱피아이,23.01:1,0.00%
788,에프엔씨엔터테인먼트,185.35:1,9.91%
789,대창스틸,219.91:1,0.00%
790,하이스팩2호,24.64:1,0.00%
791,씨에스윈드,109.3:1,1.79%
792,케이티비스팩1호,,0.00%
793,텔콘,162.88:1,5.53%
794,IBKS스팩2호,,0.00%
795,디에이테크놀로지,55.28:1,1.81%
796,파티게임즈,224.12:1,24.62%
797,유안타스팩1호,,0.00%
798,삼성SDS,651.5:1,48.11%
799,케이비스팩4호,,0.00%
800,교보위드스팩,,0.00%
801,현대에이블스팩1호,,0.00%
802,테고사이언스,591.09:1,30.50%
803,슈피겐코리아,255.6:1,30.86%
804,테라셈,18.41:1,0.00%
805,영우디에스피,17.07:1,0.00%
806,대우스팩2호,,0.00%
807,신한스팩2호,,0.00%
808,데브시스터즈,651.66:1,29.98%
809,메디아나,86:1,0.00%
810,KB스팩3호,,0.00%
811,감마누,608.66:1,0.00%
812,우리스팩3호,,0.00%
813,쿠쿠전자,598.86:1,65.18%
814,신화콘텍,441.99:1,10.37%
815,덕신하우징,650.72:1,59.86%
816,파버나인,264.04:1,0.00%
817,창해에탄올,578.20:1,59.50%
818,미래에셋스팩2호,,0.00%
819,윈하이텍,444.1:1,55.60%
820,아진엑스텍,478.65:1,0.00%
821,화인베스틸,85.45:1,0.00%
822,트루윈,,0.00%
823,하나머스트스팩,,0.00%
824,캐스텍코리아,,0.00%
825,BGF리테일(구.보광훼미리마트),,0.00%
826,유진스팩1호,,0.00%
827,KB스팩2호,,0.00%
828,오이솔루션,,0.00%
829,인터파크INT,,0.00%
830,한국정보인증,,0.00%
831,솔루에타,,0.00%
832,이지웰페어,,0.00%
833,키움제2호스팩,,0.00%
834,인트로메딕,,0.00%
835,기가레인(구.맥시스),,0.00%
836,알티캐스트,,0.00%
837,엔브이에이치코리아,,0.00%
838,현대공업,,0.00%
839,우리기업인수목적2호,,0.00%
840,디엠티,,0.00%
841,신송홀딩스,,0.00%
842,램테크놀러지,,0.00%
843,라이온켐텍,,0.00%
844,미동전자통신,,0.00%
845,에이씨티,,0.00%
846,해성옵틱스,,0.00%
847,내츄럴엔도텍,,86.16%
848,현대로템,,0.00%
849,테스나,,0.00%
850,파수닷컴,,0.00%
851,엘티씨,,0.00%
852,지엔씨에너지,,82.44%
853,아미코젠,,0.00%
854,파이오링크,,0.00%
855,금호N.T,,73.80%
856,KG이티에스,,0.00%
857,나스미디어,,0.00%
858,엑세스바이오,,0.00%
859,디에스알,,0.00%
860,레고켐바이오사이언스,,8.48%
861,삼목강업,,0.00%
862,세호로보트,,71.50%
863,윈팩,,0.00%
864,코렌텍,,12.53%
865,제로투세븐,,0.00%
866,지디,,0.00%
867,아이원스,,0.00%
868,우리이앤엘,,0.00%
869,아이센스,,0.00%
870,포티스,,0.00%
871,씨에스엘쏠라,,11.31%
872,SBIAXES(구.AXES홀딩스),,0.00%
873,우리로광통신,,0.00%
874,디젠스,,0.00%
875,맥스로텍,,0.00%
876,GMB코리아,,0.00%
877,와이엠씨,,0.00%
878,CJ헬로비전,,0.00%
879,아바텍,,0.00%
880,코이즈,,0.00%
881,모다정보통신,,0.00%
882,나노스,,0.00%
883,에이제이렌터카(구.아주오토렌탈),,0.00%
884,우양에이치씨,,0.00%
885,엠씨넥스,,0.00%
886,네이블커뮤니케이션즈,,0.00%
887,디지탈옵틱,,0.00%
888,피엔티,,0.00%
889,사조씨푸드,,0.00%
890,비아트론,,0.00%
891,에스비아이모기지,,0.00%
892,코오롱패션머티리얼,,0.00%
893,빛샘전자,,0.00%
894,휴비스,,0.00%
895,사람인에이치알,,0.00%
896,뉴로스,,0.00%
897,남화토건,,0.00%
898,동아팜텍,,0.00%
899,원익머트리얼즈,,0.00%
900,나이스디앤비,,0.00%
901,GS리테일(지에스리테일),,0.00%
902,디엔에이링크,,0.00%
903,시큐브,,0.00%
904,서암기계공업,,1.19%
905,씨유메디칼시스템,,0.00%
906,인터지스,,0.00%
907,넥스트리밍,,0.00%
908,에스에프씨,,0.00%
909,티브이로직,,0.00%
910,사파이어테크놀로지,,0.00%
911,신진에스엠,,0.00%
912,이엠넷,,0.00%
913,와이지엔터테인먼트,,0.00%
914,쎄미시스코,,0.00%
915,테크윙,,0.00%
916,아이테스트,,0.00%
917,신흥기계,,0.00%
918,씨큐브,,0.00%
919,씨엔플러스,,0.00%
920,테라세미콘,,0.00%
921,케이맥,,0.00%
922,넥솔론,,0.00%
923,로보스타,,0.00%
924,대한과학,,0.00%
925,피앤이솔루션,,0.00%
926,화진,,0.00%
927,제이씨케미칼,,0.00%
928,제닉,,0.00%
929,아이씨디,,0.00%
930,경봉,,0.00%
931,상아프론테크,,0.00%
932,삼원강재,,0.00%
933,옵티시스,,0.00%
934,나이벡,,0.00%
935,신세계인터내셔날,,0.00%
936,대양전기공업,,0.00%
937,한국항공우주산업,,0.00%
938,하이마트,,0.00%
939,탑금속,,0.00%
940,쓰리피시스템,,0.00%
941,엠케이트렌드,,0.00%
942,완리인터내셔널홀딩스,,0.00%
943,리켐,,0.00%
944,넥스트아이,,0.00%
945,코오롱플라스틱,,0.00%
946,엘티에스,,0.00%
947,KT스카이라이프,,0.00%
948,세아특수강,,0.00%
949,케이엠에이치,,0.00%
950,골프존,,0.00%
951,한국종합기술,,0.00%
952,이퓨쳐,,0.00%
953,티케이케미칼,,0.00%
954,일진머티리얼즈,,0.00%
955,현대위아,,0.00%
956,부스타,,0.00%
957,나노신소재,,0.00%
958,케이아이엔엑스,,0.00%
959,티피씨,,0.00%
960,제이엔케이히터,,0.00%
961,엘비세미콘,,0.00%
962,딜리,,0.00%
963,블루콤,,0.00%
964,인트론바이오테크놀로지,,0.00%
965,씨그널정보통신,,0.00%
966,중국고섬공고,,0.00%
967,다나와,,0.00%
968,KB게임(KB스팩),,0.00%
969,티에스이,,0.00%
970,인텍플러스,,0.00%
971,두산엔진,,0.00%
972,대구도시가스,,0.00%
973,현대HCN,,0.00%
974,액트,,0.00%
975,IBKS스마트스팩,,0.00%
976,한전산업개발,,0.00%
977,대정화금,,8.69%
978,케이티스(구.한국인포서비스),,0.00%
979,동부티에스블랙펄스팩,,0.00%
980,하이제1호스팩,,0.00%
981,세우테크,,0.00%
982,대구방송,,0.00%
983,코라오홀딩스,,0.00%
984,케이티롤,,0.00%
985,시그네틱스,,0.00%
986,한국전자인증,,0.00%
987,코프라,,0.00%
988,디케이락,,0.00%
989,하나그린스팩1호,,0.00%
990,케이엔엔,,0.00%
991,아나패스,,0.00%
992,삼본정밀전자,,0.00%
993,부국퓨쳐스타즈스팩,,0.00%
994,아이텍반도체,,0.00%
995,누리플랜,,0.00%
996,인화정공,,0.00%
997,코렌,,0.00%
998,아이씨코리아,,0.00%
999,키움제1호스팩,,0.00%
1000,휠라코리아,,0.00%
1001,포메탈,,0.00%
1002,케이티씨에스(구.한국인포데이타,,0.00%
1003,성융광전투자,,0.00%
1004,다원시스,,0.00%
1005,알파칩스,,0.00%
1006,와이솔,,0.00%
1007,현대홈쇼핑,,0.00%
1008,이트레이드1호스팩,,0.00%
1009,씨젠,,0.00%
1010,에이치엠씨아이비1호스팩,,0.00%
1011,교보케이티비스팩,,0.00%
1012,에스비아이앤솔로몬드림스팩,,0.00%
1013,대신증권그로쓰알파,,0.00%
1014,한국투자신성장1호스팩,,0.00%
1015,도화종합기술공사,,0.00%
1016,엠에스오토텍,,0.00%
1017,이글루시큐리티,,0.00%
1018,인터로조,,0.00%
1019,아이마켓코리아,,0.00%
1020,하이텍팜,,0.00%
1021,웨이포트(홍콩),,0.00%
1022,우진,,0.00%
1023,크루셜텍,,0.00%
1024,에스디시스템,,0.00%
1025,한화스팩1호,,0.00%
1026,신영증권스팩1호,,0.00%
1027,웅진에너지,,0.00%
1028,처음앤씨,,0.00%
1029,유비벨록스,,0.00%
1030,케이엔디티앤아이,,0.00%
1031,히든챔피언제1호스팩,,0.00%
1032,솔라시아,,0.00%
1033,이연제약,,0.00%
1034,실리콘웍스,,0.00%
1035,투비소프트,,0.00%
1036,인피니트헬스케어(구.인피니트테,,0.00%
1037,모바일리더,,0.00%
1038,만도,,0.00%
1039,신한제1호스팩,,0.00%
1040,우리스팩1호,,0.00%
1041,삼성생명,,0.00%
1042,동아체육용품유한공사,,0.00%
1043,뉴프라이드,,0.00%
1044,케이씨에스,,0.00%
1045,차이나킹하이웨이,,0.00%
1046,동양밸류오션SPAC,,0.00%
1047,디지탈아리아,,0.00%
1048,현대드림투게더,,0.00%
1049,대한생명보험,,0.00%
1050,미래에셋스팩1호,,0.00%
1051,대우증권그린코리아SPAC,,0.00%
1052,이미지스테크놀로지,,0.00%
1053,인포바인,,0.00%
1054,차이나하오란리사이클링,,0.00%
1055,하이소닉,,0.00%
1056,에스이티아이,,0.00%
1057,모베이스,,0.00%
1058,에이치디시에스,,0.00%
1059,락앤락,,0.00%
1060,지역난방공사,,0.00%
1061,우리넷,,0.00%
1062,아세아텍,,0.00%
1063,영흥철강,,0.00%
1064,스타플렉스,,0.00%
1065,우노앤컴퍼니,,0.00%
1066,승화엘엠씨,,0.00%
1067,코디에스,,0.00%
1068,아이티엑스시큐리티,,0.00%
1069,위메이드엔터테인먼트,,0.00%
1070,KPX라이프사이언스,,0.00%
1071,멜파스,,0.00%
1072,동양피엔에프,,0.00%
1073,현대푸드시스템,,0.00%
1074,한전기술,,0.00%
1075,디오텍,,0.00%
1076,중국엔진집단유한공사,,0.00%
