,기업명,동향
4,수산인더스트리(유가),0.67
6,아이씨에이치,0.75
7,성일하이텍,0.86
8,에이프릴바이오,0.83
10,루닛,0.8
11,에이치피에스피,0.75
13,영창케미칼,0.67
14,코난테크놀로지,1.0
15,넥스트칩,1.0
19,보로노이,0.8
20,레이저쎌,0.89
22,위니아에이드,0.88
23,비플라이소프트,1.0
24,범한퓨얼셀,1.0
25,청담글로벌,1.0
28,가온칩스,1.0
29,대명에너지,1.0
32,포바이포,1.0
36,지투파워,1.0
39,세아메카닉스,0.65
40,공구우먼,0.63
41,유일로보틱스,0.61
42,모아데이타,0.59
44,노을,0.62
45,비씨엔씨,0.67
46,풍원정밀,0.64
47,스톤브릿지벤처스,0.62
49,브이씨,0.67
50,퓨런티어,0.64
51,바이오에프디엔씨,0.6
54,인카금융서비스,0.67
55,나래나노텍,0.75
56,아셈스,0.86
57,스코넥,0.83
58,이지트로닉스,0.8
59,LG에너지솔루션(유가),0.75
60,애드바이오텍,0.67
61,케이옥션,1.0
62,오토앤,1.0
64,래몽래인,0.79
69,케이티비네트워크,0.78
71,툴젠,0.77
74,마인즈랩,0.76
75,알비더블유,0.8
76,바이옵트로,0.79
78,트윔,0.83
79,지오엘리먼트,0.82
80,아이티아이즈,0.81
81,비트나인,0.8
82,디어유,0.79
83,지니너스,0.77
84,카카오페이(유가),0.83
85,피코그램,0.82
86,엔켐,0.8
87,리파인,0.78
88,지앤비에스엔지니어링,0.88
89,아이패밀리에스씨,0.86
90,차백신연구소,0.83
91,지아이텍,0.8
93,케이카(유가),0.75
94,씨유테크,1.0
95,원준,1.0
97,아스플로,1.0
99,에스앤디,0.8
100,실리콘투,0.83
101,프롬바이오,0.83
103,바이오플러스,0.82
105,현대중공업(유가),0.81
108,와이엠텍,0.8
109,에이비온,0.79
111,일진하이솔루스(유가),0.83
113,바이젠셀,0.82
114,아주스틸(유가),0.81
115,브레인즈컴퍼니,0.8
116,롯데렌탈(유가),0.79
117,딥노이드,0.85
118,한컴라이프케어(유가),0.83
119,엠로,0.82
120,플래티어,0.8
121,원티드랩,0.78
122,크래프톤(유가),0.75
123,에이치케이이노엔,0.86
124,카카오뱅크(유가),0.83
126,에브리봇,0.8
127,맥스트,1.0
128,큐라클,1.0
129,에스디바이오센서(유가),1.0
130,오비고,1.0
131,아모센스,0.69
132,이노뎁,0.73
134,라온테크,0.71
135,엘비루셈,0.69
136,에이디엠코리아,0.67
137,제주맥주,0.64
138,진시스템,0.6
139,삼영에스앤씨,0.67
142,샘씨엔에스,0.62
143,씨앤씨인터내셔널,0.71
144,에이치피오,0.83
145,SK아이이테크놀로지(유가),1.0
147,쿠콘,1.0
148,해성티피씨,1.0
149,이삭엔지니어링,1.0
152,엔시스,1.0
153,자이언트스텝,0.88
154,제노코,0.87
155,라이프시맨틱스,0.86
156,SK바이오사이언스(유가),0.86
157,바이오다인,0.85
158,네오이뮨텍,0.84
160,프레스티지바이오로직스,0.83
161,싸이버원,0.88
162,나노씨엠에스,0.88
164,뷰노,0.87
166,유일에너테크,0.86
167,씨이랩,0.85
168,오로스테크놀로지,0.83
169,피엔에이치테크,0.82
171,프레스티지바이오파마(유가),0.8
172,아이퀘스트,0.89
174,와이더플래닛,0.88
175,레인보우로보틱스,0.86
176,솔루엠(유가),0.83
177,핑거,0.8
178,씨앤투스성진,0.75
179,모비릭스,1.0
180,선진뷰티사이언스,1.0
181,엔비티,1.0
184,지놈앤컴퍼니,0.9
186,석경에이티,0.89
188,프리시젼바이오,0.89
189,알체라,0.88
191,에프앤가이드,0.88
193,티엘비,0.88
194,인바이오,0.87
195,엔젠바이오,0.86
196,퀀타매트릭스,0.86
198,명신산업(유가),0.9
199,클리노믹스,0.89
200,포인트모바일,0.89
201,엔에프씨,0.88
202,앱코,0.88
203,제일전기공업,0.87
204,하나기술,0.86
205,티앤엘,0.85
206,에이플러스에셋어드바이저(유가),0.83
207,고바이오랩,0.82
208,네패스아크,0.8
209,교촌에프앤비(유가),0.78
210,소룩스,0.75
211,위드텍,0.71
212,센코,0.67
213,바이브컴퍼니,0.6
214,미코바이오메드,0.5
215,피플바이오,0.33
216,하이브(구.빅히트)(유가),0.5
217,넥스틴,0.0
218,원방테크,0.83
220,비나텍,0.86
221,박셀바이오,0.85
222,비비씨,0.88
224,핌스,0.92
225,압타머사이언스,0.92
226,이오플로우,0.91
227,카카오게임즈,0.91
228,피엔케이피부임상연구센타,0.9
231,아이디피,0.9
232,셀레믹스,0.89
233,미투젠,0.89
234,브랜드엑스코퍼레이션,0.88
235,영림원소프트랩,0.94
236,한국파마,0.93
238,이루다,0.93
241,와이팜,0.92
242,이엔드디,0.92
243,엠투아이,0.91
245,더네이쳐홀딩스,0.9
246,제놀루션,1.0
247,솔트룩스,1.0
249,티에스아이,1.0
251,에이프로,1.0
253,소마젠,1.0
254,신도기연,1.0
255,위더스제약,1.0
256,SK바이오팜(유가),1.0
257,마크로밀엠브레인,1.0
258,젠큐릭스,1.0
260,엘이티,1.0
261,에스씨엠생명과학,1.0
263,드림씨아이에스,1.0
266,엔피디,0.75
267,플레이디,0.86
269,서울바이오시스,0.83
270,제이앤티씨,0.8
271,켄코아에어로스페이스,1.0
272,레몬,1.0
273,서남,1.0
275,위세아이텍,1.0
279,피피아이,0.73
280,천랩,0.72
282,메탈라이프,0.71
284,브릿지바이오테라퓨틱스,0.7
285,메드팩토,0.69
288,신테카바이오,0.71
289,제이엘케이인스펙션,0.7
290,태웅로직스,0.73
292,리메드,0.72
296,코리아센터,0.71
298,노터스,0.7
299,센트랄모텍(유가),0.68
300,티움바이오,0.67
301,씨에스베어링,0.7
302,코리아에셋투자증권,0.74
303,우양,0.78
304,현대에너지솔루션(유가),0.76
305,에스제이그룹,0.75
306,제테마,0.73
307,한화시스템(유가),0.79
308,라파스,0.85
309,아이티엠반도체,0.92
310,자이에스앤디(유가),0.91
312,미디어젠,0.9
315,티라유텍,0.89
317,지누스(유가),0.88
319,캐리소프트,0.86
320,케이엔제이,0.83
321,엔바이오니아,0.8
322,팜스빌,0.75
323,라온피플,0.67
324,아톤,1.0
325,녹십자웰빙,1.0
329,올리패스,0.64
330,라닉스,0.62
332,한독크린텍,0.6
334,네오크레마,0.58
336,마니커에프앤지,0.56
337,나노브릭,0.53
338,에스피시스템스,0.56
339,레이,0.53
340,그린플러스,0.5
341,코윈테크,0.46
342,덕산테코피아,0.5
343,슈프리마아이디,0.55
344,한국바이오젠,0.5
345,세경하이테크,0.44
346,윌링스,0.5
347,대모(구.대모엔지니어링),0.43
348,에이스토리,0.33
349,플리토,0.4
351,세틀뱅크,0.25
352,아이스크림에듀,0.33
353,펌텍코리아,0.5
354,에이에프더블류,1.0
358,압타바이오,0.67
359,까스텔바쟉,0.6
360,마이크로디지탈,0.5
363,수젠텍,0.33
364,컴퍼니케이파트너스,0.5
366,에스앤케이,0.0
369,아모그린텍,1.0
370,현대오토에버(유가),1.0
371,지노믹트리,1.0
373,이지케어텍,1.0
375,미래에셋벤처투자,1.0
376,드림텍(유가),1.0
377,에코프로비엠,1.0
378,셀리드,1.0
379,천보,1.0
380,이노테라피,1.0
381,노랑풍선,1.0
382,웹케시,1.0
383,에어부산(유가),0.63
384,비피도,0.62
387,유틸렉스,0.61
390,디케이티,0.6
393,위지윅스튜디오,0.59
395,에이비엘바이오,0.58
396,머큐리,0.59
397,전진바이오팜,0.58
398,뉴트리,0.57
400,이노메트리,0.59
401,대유에이피,0.57
403,에코캡,0.56
405,베스파,0.58
406,윙입푸드,0.6
408,남화산업,0.62
409,엠아이텍,0.61
410,티로보틱스,0.64
411,티앤알바이오팹,0.67
412,네오펙트,0.7
413,아시아나IDT(유가),0.74
414,디알젬,0.78
415,싸이토젠,0.76
416,파멥신,0.75
417,아주IB투자,0.8
418,디케이앤디,0.86
419,디자인,0.85
420,노바렉스,0.83
421,셀리버리,0.82
422,대보마그네틱,0.8
423,노바텍,0.78
424,엘앤씨바이오,0.75
426,옵티팜,0.71
427,로보티즈,0.83
428,에스퓨얼셀,0.8
429,나우아이비캐피탈,0.75
430,푸드나무,0.67
431,하나제약(유가),0.5
432,크리스에프앤씨,0.0
434,지티지웰니스,0.79
435,우진아이엔에스(유가),0.78
437,명성티엔에스,0.76
438,디지캡,0.75
440,액트로,0.73
441,오파스넷,0.71
442,에이피티씨,0.69
443,바이오솔루션,0.67
444,대유,0.73
446,디아이티,0.7
447,에스에스알,0.67
448,휴네시온,0.62
449,티웨이항공(유가),0.57
450,롯데정보통신(유가),0.67
451,한국유니온제약,0.6
452,엠코르셋,0.5
454,올릭스,0.67
455,아이큐어,0.5
456,에스브이인베스트먼트,1.0
458,이원다이애그노믹스,1.0
460,파워넷,1.0
461,현대사료,1.0
462,세종메디칼,1.0
463,제노레이,1.0
466,제이티씨(JTC),1.0
468,케어랩스,0.86
469,애경산업(유가),0.85
470,에코마이스터,0.92
471,린드먼아시아인베스트먼트,0.91
472,오스테오닉,0.9
473,엔지켐생명과학,0.89
474,동구바이오제약,0.88
475,알리코제약,0.86
476,아시아종묘,0.83
477,카페24,0.8
478,링크제니시스,0.75
479,배럴,0.67
480,에스지이,0.5
481,씨앤지하이테크,1.0
482,시스웍,0.67
484,디바이스이엔지,0.65
486,동양피스톤(유가),0.69
487,진에어(유가),0.73
488,씨티케이코스메틱스,0.79
489,메카로,0.85
490,에스트래픽,0.83
491,체리부로,0.82
492,대원,0.8
493,비즈니스온커뮤니케이션,0.78
494,삼양패키징(유가),0.75
496,스튜디오드래곤,0.86
498,비디아이,0.83
499,티슈진,0.8
500,테이팩스(유가),0.75
501,영화테크,0.67
502,세원,0.5
504,상신전자,0.0
505,야스,0.61
507,에스엔피월드,0.64
508,유티아이,0.67
509,신흥에스이씨,0.7
510,선익시스템,0.68
511,엠플러스,0.72
512,앱클론,0.71
513,샘코,0.69
514,펄어비스,0.67
515,케이피에스,0.71
516,덕우전자,0.77
517,이더블유케이,0.75
519,알에스오토메이션,0.73
520,컬러레이,0.7
522,모트렉스,0.78
523,데이타솔루션,0.88
524,지니언스,0.86
525,디앤씨미디어,0.83
526,셀트리온헬스케어,0.8
527,이즈미디어,0.75
529,힘스,0.67
530,브이원텍,0.5
531,아우딘퓨쳐스,0.0
532,제일홀딩스,0.67
536,보라티알,0.75
537,삼양옵틱스,0.71
539,필옵틱스,0.83
541,넷마블게임즈(유가),0.8
542,ING생명보험(유가),0.75
545,하나머티리얼즈,1.0
546,와이엠티,1.0
549,이엘피,1.0
550,서진시스템,0.75
551,코미코,0.73
552,아스타,0.7
553,덴티움(유가),0.67
555,에스디생명공학,0.62
556,신신제약,0.57
557,에프엔에스테크,0.5
558,모바일어플라이언스,0.4
560,피씨엘,0.25
561,호전실업(유가),0.33
562,서플러스글로벌,0.5
563,유바이오로직스,0.0
565,퓨전데이타,0.55
566,디에스씨인베스트먼트,0.53
567,티에스인베스트먼트,0.52
568,마이크로프랜드,0.5
569,코썬바이오,0.52
570,애니젠,0.54
571,유니온커뮤니티,0.56
572,신라젠,0.58
573,핸즈코퍼레이션(유가),0.6
575,퓨쳐켐,0.62
576,오션브릿지,0.61
577,엘앤케이바이오,0.59
578,뉴파워프라즈마,0.57
579,에이치엔티일렉트로닉스,0.6
580,핸디소프트,0.58
581,두산밥캣(유가),0.56
583,삼성바이오로직스(유가),0.53
584,클리오,0.56
585,오가닉티코스메틱,0.6
586,로고스바이오시스템스,0.57
588,인크로스,0.62
589,코스메카코리아,0.58
590,에이치엘사이언스(구.건강사랑),0.55
591,제이더블유생명과학(유가),0.5
592,그레이트리치과기,0.44
593,금세기차륜(골든센츄리),0.5
594,인텔리안테크놀로지스,0.43
595,에이치시티,0.5
596,잉글우드랩,0.4
597,앤디포스,0.25
598,수산아이앤티(구.플러스기술),0.0
599,미투온,0.0
600,화승엔터프라이즈(유가),0.0
602,엘에스전선아시아(유가),0.73
604,유니테크노,0.79
607,자이글,0.77
608,헝셩그룹,0.75
609,에코마케팅,0.82
610,팍스넷,0.8
611,두올(유가),0.78
612,엔지스테크널러지,0.88
613,우리손에프앤지,0.86
614,옵토팩,0.83
615,장원테크,0.8
616,대유위니아(구.위니아만도),0.75
617,한국자산신탁(유가),0.67
618,바이오리더스,1.0
619,피앤씨테크,1.0
620,로스웰,0.8
621,해성디에스(유가),0.78
622,녹십자랩셀,0.75
623,에스티팜,0.71
625,알엔투테크놀로지,0.67
627,용평리조트(유가),0.6
628,해태제과식품(유가),0.5
629,레이언스,0.33
630,씨엠에스에듀,0.5
631,동양파일,0.0
632,대림씨엔에스(유가),0.9
633,팬젠,1.0
635,에이피위성통신,1.0
638,큐리언트,1.0
639,안트로젠,1.0
640,제이에스코퍼레이션(유가),1.0
641,아이엠텍,1.0
642,유니트론텍,1.0
643,차이나크리스탈신소재,1.0
644,한솔씨앤피,1.0
645,에스와이패널,0.64
646,코리아오토글라스(유가),0.66
647,코디엠,0.65
648,잇츠스킨(유가),0.64
649,육일씨엔에쓰,0.63
650,휴젤,0.62
652,이에스브이,0.61
653,한국맥널티,0.59
654,아진산업,0.58
655,덱스터,0.57
656,씨트리,0.55
657,강스템바이오텍,0.54
658,메가엠디,0.52
660,파크시스템스,0.5
661,보광산업,0.48
663,뉴트리바이오텍,0.46
664,예스티,0.43
665,멕아이씨에스,0.41
666,엔에스,0.38
667,미래테크놀로지,0.35
668,세진중공업(유가),0.37
669,하이즈항공,0.39
670,엠지메드,0.41
671,리드,0.38
672,케이디켐,0.4
673,매직마이크로,0.43
674,네오오토,0.46
676,케어젠,0.5
677,아이진,0.55
678,나무가,0.6
679,유앤아이,0.67
680,금호에이치티(유가),0.75
681,제주항공(유가),0.86
683,더블유게임즈,0.83
684,연우,0.8
686,에이티젠,0.75
688,엑시콘,0.67
690,에치디프로,0.5
694,엘아이지넥스원(유가),0.0
696,제너셈,0.67
697,타이거일렉,0.65
698,아이콘트롤스(유가),0.69
699,동일제강(유가),0.73
700,인포마크,0.71
705,웹스,0.69
706,에이제이네트웍스(유가),0.67
708,파인텍,0.73
710,흥국에프엔비,0.7
713,칩스앤미디어,0.67
714,아시아경제신문사,0.62
715,아이쓰리시스템,0.71
716,로지시스,0.67
718,파마리서치프로덕트,0.6
720,펩트론,0.5
722,이노션(유가),0.33
725,토니모리(유가),0.5
726,미래에셋생명보험(유가),0.0
728,동운아나텍,0.85
729,유테크,0.83
731,민앤지,0.82
732,경보제약(유가),0.8
733,에스엔텍,0.78
734,코아스템,0.75
736,세미콘라이트,0.71
737,에스케이디앤디(유가),0.67
738,베셀,0.6
741,싸이맥스,0.5
743,픽셀플러스,0.67
746,제노포커스,1.0
755,유지인트,1.0
757,NS쇼핑(구.농수산홈쇼핑)(유가),0.67
759,세화아이엠씨(유가),1.0
760,포시에스,1.0
764,국일신동,0.74
765,영백씨엠,0.73
767,하이셈,0.72
768,휴메딕스,0.71
769,서전기전,0.7
771,오킨스전자,0.69
773,아스트,0.68
775,넥스트엔터테인먼트월드,0.71
776,아이티센,0.74
777,제일모직(구.삼성에버랜드)(유가),0.73
778,하이로닉,0.71
781,디티앤씨(구.디지털이엠씨),0.7
783,녹십자엠에스,0.68
784,랩지노믹스,0.67
785,에이디테크놀로지,0.65
786,비씨월드제약,0.69
788,알테오젠,0.67
790,에스케이씨코오롱피아이,0.71
791,대창스틸,0.77
792,에프엔씨엔터테인먼트,0.75
794,씨에스윈드(유가),0.82
796,텔콘,0.9
797,파티게임즈,1.0
800,디에이테크놀로지,1.0
801,삼성SDS(유가),1.0
805,테고사이언스,1.0
806,슈피겐코리아,1.0
807,테라셈,1.0
808,영우디에스피,1.0
811,메디아나,1.0
812,데브시스터즈,1.0
814,감마누,0.7
816,신화콘텍,0.67
817,쿠쿠전자(유가),0.75
818,파버나인,0.71
819,덕신하우징,0.83
820,창해에탄올,0.8
821,윈하이텍,0.75
822,아진엑스텍,0.67
824,화인베스틸(유가),0.5
825,트루윈,1.0
827,캐스텍코리아,1.0
828,BGF리테일(구.보광훼미리마트)(유가),1.0
831,오이솔루션,1.0
832,인터파크INT,1.0
833,한국정보인증,1.0
834,솔루에타,0.71
835,이지웰페어,0.75
837,기가레인(구.맥시스),0.74
838,인트로메딕,0.78
839,알티캐스트,0.76
840,현대공업,0.81
841,엔브이에이치코리아,0.8
842,디엠티,0.86
843,우리기업인수목적2호,0.92
844,신송홀딩스,0.92
845,라이온켐텍,0.91
846,램테크놀러지,0.9
847,미동전자통신,0.89
848,에이씨티,1.0
849,해성옵틱스,1.0
850,내츄럴엔도텍,1.0
851,현대로템(유가),1.0
852,테스나,1.0
853,파수닷컴,1.0
854,엘티씨,1.0
855,지엔씨에너지,1.0
856,아미코젠,1.0
857,금호N.T,1.0
858,파이오링크,1.0
859,KG이티에스,1.0
860,나스미디어,1.0
861,엑세스바이오,1.0
862,디에스알(유가),1.0
863,레고켐바이오사이언스,1.0
864,삼목강업,1.0
865,세호로보트,1.0
866,윈팩,0.75
867,코렌텍,0.71
868,제로투세븐,0.83
869,지디,0.8
870,아이원스,0.75
871,우리이앤엘,0.67
872,아이센스,1.0
873,포티스,1.0
874,씨에스엘쏠라,0.56
875,SBIAXES(구.AXES홀딩스),0.5
876,우리로광통신,0.57
877,디젠스,0.67
878,GMB코리아(유가),0.6
879,맥스로텍,0.75
880,와이엠씨,0.67
881,CJ헬로비전(유가),0.5
882,아바텍,1.0
883,코이즈,0.56
884,모다정보통신,0.5
885,나노스,0.43
886,에이제이렌터카(구.아주오토렌탈)(유가),0.33
887,우양에이치씨,0.4
888,엠씨넥스,0.5
889,네이블커뮤니케이션즈,0.67
890,디지탈옵틱,0.5
891,피엔티,1.0
892,사조씨푸드(유가),0.5
893,비아트론,0.67
894,에스비아이모기지,0.5
895,코오롱패션머티리얼(유가),1.0
896,빛샘전자,1.0
897,휴비스(유가),1.0
898,사람인에이치알,1.0
899,뉴로스,1.0
900,남화토건,1.0
902,동아팜텍,1.0
903,원익머트리얼즈,0.69
904,디엔에이링크,0.68
905,GS리테일(지에스리테일)(유가),0.67
906,나이스디앤비,0.7
907,시큐브,0.68
908,서암기계공업,0.71
909,인터지스(유가),0.7
910,씨유메디칼시스템,0.74
911,사파이어테크놀로지,0.72
912,넥스트리밍,0.76
913,티브이로직,0.81
914,에스에프씨,0.87
915,신진에스엠,0.93
916,이엠넷,1.0
917,와이지엔터테인먼트,1.0
918,쎄미시스코,1.0
919,아이테스트,1.0
920,테크윙,1.0
921,신흥기계,1.0
922,씨큐브,1.0
923,씨엔플러스,1.0
924,테라세미콘,1.0
925,케이맥,1.0
926,로보스타,1.0
927,넥솔론(유가),1.0
928,대한과학,1.0
929,피앤이솔루션,1.0
930,화진,1.0
931,제이씨케미칼,1.0
932,아이씨디,1.0
933,제닉,1.0
934,경봉,1.0
935,삼원강재(유가),1.0
936,상아프론테크,1.0
937,신세계인터내셔날(유가),1.0
938,나이벡,1.0
939,옵티시스,1.0
940,대양전기공업,1.0
941,한국항공우주산업(유가),0.59
942,하이마트(유가),0.56
943,탑금속,0.6
944,엠케이트렌드(유가),0.57
945,쓰리피시스템,0.54
946,코오롱플라스틱(유가),0.58
947,리켐,0.55
948,넥스트아이,0.5
949,완리인터내셔널홀딩스,0.56
950,KT스카이라이프(유가),0.62
951,엘티에스,0.57
952,세아특수강(유가),0.67
953,케이엠에이치,0.6
954,골프존,0.75
955,한국종합기술(유가),0.67
956,이퓨쳐,0.5
957,티케이케미칼,0.0
958,일진머티리얼즈(유가),0.59
959,부스타,0.62
960,현대위아(유가),0.67
961,나노신소재,0.64
962,케이아이엔엑스,0.62
963,티피씨,0.67
964,엘비세미콘,0.64
965,제이엔케이히터,0.7
966,딜리,0.78
967,블루콤,0.88
968,인트론바이오테크놀로지,0.86
969,중국고섬공고(유가),0.83
970,씨그널정보통신,1.0
971,다나와,1.0
972,인텍플러스,1.0
973,티에스이,1.0
975,두산엔진(유가),1.0
976,액트,0.73
977,대구도시가스(유가),0.76
978,현대HCN(유가),0.75
980,대정화금,0.79
981,케이티스(구.한국인포서비스)(유가),0.78
982,한전산업개발(유가),0.76
985,세우테크,0.81
986,코라오홀딩스(유가),0.8
987,대구방송,0.79
988,케이티롤,0.85
989,시그네틱스,0.83
990,한국전자인증,0.82
991,코프라,0.8
992,디케이락,0.78
994,아나패스,0.88
995,삼본정밀전자,0.86
996,케이엔엔,0.83
998,아이텍반도체,1.0
999,누리플랜,1.0
1000,인화정공,1.0
1001,코렌,1.0
1002,아이씨코리아,1.0
1004,휠라코리아(유가),0.6
1005,포메탈,0.58
1006,알파칩스,0.61
1007,케이티씨에스(구.한국인포데이타(유가),0.59
1008,성융광전투자,0.56
1009,다원시스,0.53
1010,현대홈쇼핑(유가),0.5
1012,씨젠,0.46
1013,와이솔,0.5
1017,대신증권그로쓰알파,0.55
1019,도화종합기술공사(유가),0.6
1020,엠에스오토텍,0.67
1021,이글루시큐리티,0.62
1022,아이마켓코리아(유가),0.71
1023,인터로조,0.67
1024,하이텍팜,0.8
1025,우진(유가),0.75
1026,웨이포트(홍콩),0.67
1027,크루셜텍,1.0
1028,에스디시스템,1.0
1031,웅진에너지(유가),0.73
1032,유비벨록스,0.71
1033,처음앤씨,0.69
1034,케이엔디티앤아이,0.75
1036,이연제약(유가),0.73
1037,솔라시아,0.8
1038,실리콘웍스,0.78
1039,투비소프트,0.88
1040,인피니트헬스케어(구.인피니트테,0.86
1042,모바일리더,0.83
1043,만도(유가),0.8
1044,삼성생명(유가),0.75
1046,동아체육용품유한공사,0.67
1047,뉴프라이드,1.0
1048,케이씨에스,1.0
1049,차이나킹하이웨이,0.77
1050,디지탈아리아,0.76
1051,동양밸류오션SPAC(유가),0.75
1052,현대드림투게더,0.74
1053,대한생명보험(유가),0.72
1055,대우증권그린코리아SPAC(유가),0.71
1056,이미지스테크놀로지,0.69
1057,하이소닉,0.73
1058,인포바인,0.71
1059,차이나하오란리사이클링,0.69
1060,에스이티아이,0.75
1061,모베이스,0.82
1062,에이치디시에스,0.8
1063,지역난방공사(유가),0.78
1064,락앤락(유가),0.75
1065,우리넷,0.71
1066,스타플렉스,0.67
1067,아세아텍,0.6
1068,영흥철강(유가),0.75
1069,우노앤컴퍼니,0.67
1070,승화엘엠씨,1.0
1071,코디에스,1.0
1072,글로벌에스엠테크리미티드,0.76
1073,KPX라이프사이언스,0.75
1074,동양피엔에프,0.74
1075,아이티엑스시큐리티,0.73
1076,위메이드엔터테인먼트,0.71
1077,멜파스,0.75
1078,현대푸드시스템(유가),0.74
1079,한전기술(유가),0.72
1080,디오텍,0.71
1081,중국엔진집단유한공사,0.69
1082,이원컴포텍,0.67
1083,강원비앤이,0.64
1084,GKL(유가),0.62
1085,이너스텍,0.58
1086,에스케이씨앤씨(유가),0.55
1087,동방선기,0.5
1088,디엠씨,0.44
1089,진매트릭스,0.5
1090,비츠로셀,0.43
1091,스틸플라워,0.33
1092,진로(유가),0.2
1093,한스바이오메드,0.25
1094,동양생명(유가),0.0
1095,네오위즈벅스,0.0
1096,아이앤씨테크놀로지,0.0
1097,케이엔더블유,0.73
1098,쌍용머티리얼(유가),0.7
1099,에리트베이직(유가),0.78
1100,모린스,0.75
1101,디에스케이,0.86
1102,톱텍,0.83
1103,제넥신,0.8
1104,동국S&C,0.75
1105,에스앤더블류,1.0
1106,게임빌,1.0
1107,동일금속,1.0
1108,대우캐피탈(유가),0.96
1109,한미파슨스건축사사무소(유가),1.0
1110,동아지질(유가),1.0
1111,어보브반도체,1.0
1112,조이맥스,1.0
1113,차이나그레이트스타인터내셔널리,1.0
1114,이엔에프테크놀로지,1.0
1115,뉴그리드테크놀로지,1.0
1116,중국원양자원유한공사(유가),1.0
1117,해덕선기,1.0
1118,한국정밀기계,1.0
1119,서울마린,1.0
1120,STX엔파코(유가),1.0
1121,흥국,1.0
1122,신텍,1.0
1123,우림기계,1.0
1124,네프로아이티,1.0
1125,티플랙스,1.0
1126,에이테크솔루션,1.0
1127,엔에스브이,1.0
1128,에스티오,1.0
1129,에스앤에스텍,1.0
1130,뷰웍스,1.0
1131,코오롱생명과학,1.0
1132,네오피델리티,0.83
1133,중국식품포장유한공사,0.8
1134,이수앱지스,0.75
1135,유비쿼스,0.67
1136,대성파인텍,0.5
1137,메디톡스,0.0
1138,엠게임,0.75
1139,아이컴포넌트,0.71
1140,연합과기공고유한공사(유가),0.67
1141,LG파워콤(유가),0.6
1142,에너지솔루션즈,0.5
1143,이크레더블,0.33
1144,심팩에이앤씨,0.5
1145,사이버다임,1.0
1146,세운메디칼,0.58
1147,마이크로컨텍솔루션,0.55
1148,케이제이프리텍,0.5
1149,삼강엠앤티,0.56
1150,LG이노텍(유가),0.5
1151,아이엠,0.43
1152,한텍엔지니어링,0.33
1153,코리아에스이,0.4
1154,슈프리마,0.25
1155,명문제약(유가),0.33
1156,이스트소프트,0.5
1157,서울옥션,0.0
1158,비유와상징(유가),0.75
1159,씨디아이홀딩스,0.8
1160,윌덱스,0.79
1161,쎄트렉아이,0.85
1162,브리지텍,0.83
1163,고영테크놀러지,0.82
1164,제이씨엔터테인먼트,0.9
1165,세미텍,1.0
1166,테스,1.0
1167,우진비앤지,1.0
1168,예스이십사,1.0
1169,엘디티,1.0
1170,실리콘화일,1.0
1171,메타바이오메드,1.0
1172,효성오앤비,1.0
1173,네패스신소재,1.0
1174,제너시스템즈,0.38
1175,텔레필드,0.29
1176,넥실리온,0.33
1177,코웰이홀딩스,0.2
1178,네오엠텔,0.25
1179,마이스코,0.0
1180,엔케이(유가),0.0
1181,에스맥,0.0
1182,일신랩,0.51
1183,쎄믹스,0.5
1184,미성포리테크,0.48
1185,서원인텍,0.5
1186,이씨에스텔레콤,0.52
1187,대창메탈,0.5
1188,한전KPS(유가),0.48
1189,위즈위드,0.46
1190,성진지오텍(유가),0.44
1191,화풍방직(유가),0.46
1192,세실,0.44
1193,알에프세미,0.46
1194,디엔에프(유가),0.48
1195,씨모텍,0.5
1196,제이에스전선(유가),0.48
1197,일진정공,0.45
1198,비엠티,0.42
1199,쉘라인(유가),0.44
1200,기신정기(유가),0.47
1201,이엠코리아,0.44
1202,이엘케이,0.4
1203,KSS해운(유가),0.43
1204,효성ITX(유가),0.38
1205,현우산업,0.33
1206,다믈멀티미디어,0.36
1207,디아이씨(유가),0.3
1208,에스에너지,0.33
1209,성우전자,0.25
1210,제이엠텔레콤,0.29
1211,엘지에스,0.33
1212,오디텍,0.4
1213,미래나노텍,0.5
1214,상보,0.33
1215,아이에스시테크놀러지,0.0
1216,네오티스,0.0
1217,바이오톡스텍,0.88
1218,에스티엑스팬오션(유가),0.88
1219,옴니시스템,0.87
1220,연이정보통신,0.86
1221,푸른기술,0.92
1222,웨이브일렉트로닉스,1.0
1223,넥스지,1.0
1224,빅솔론,1.0
1225,3노드디지탈,1.0
1226,에스엔케이폴리텍,1.0
1227,아구스,1.0
1228,아로마소프트,1.0
1229,에코프로,1.0
1230,바로비젼,1.0
1231,메모리앤테스팅,1.0
1232,컴투스,1.0
1233,디지텍시스템스,1.0
1234,삼성카드(유가),1.0
1235,엔텔스,1.0
1236,풍강,1.0
1237,케이프,1.0
1238,동국제약,1.0
1239,상신이디피,1.0
1240,잘만테크,1.0
1241,한라레벨,1.0
1242,에버테크노,1.0
1243,에프알텍,1.0
1244,이엠텍,1.0
1245,이트레이드증권,1.0
1246,오스템임플란트,1.0
1247,나노캠텍,1.0
1248,네오팜,1.0
1249,비에이치,1.0
1250,젯텍,1.0
1251,동아엘텍,1.0
1252,신양엔지니어링,1.0
1253,아비스타(유가),1.0
1254,디앤티,1.0
1255,펜타마이크로,1.0
1256,휴온스,1.0
1257,한국컴퓨터,1.0
1258,파트론,1.0
1259,유니테스트,1.0
1260,다사테크,1.0
1261,에스에이티,1.0
1262,큐에스아이,1.0
1263,크레듀,1.0
1264,주연테크(유가),1.0
1265,화신테크,1.0
1266,고려반도체시스템,1.0
1267,인천도시가스(유가),1.0
1268,성창에어텍,1.0
1269,넥스턴,1.0
1270,제이티,1.0
1271,이녹스,1.0
1272,광진윈텍,1.0
1273,삼정펄프(유가),1.0
1274,용현비엠,1.0
1275,바텍,0.69
1276,엠디에스테크놀로지,0.67
1277,현대EP(유가),0.64
1278,평산,0.62
1279,엘씨텍,0.58
1280,지오텔,0.55
1281,트라이콤,0.6
1282,젠트로,0.67
1283,티엘아이,0.62
1284,엑스씨이,0.71
1285,한국전자금융,0.83
1286,미디어플렉스,0.8
1287,팬엔터테인먼트,0.75
1288,맥스엔지니어링,0.67
1289,사이버패스,0.5
1290,인포뱅크,1.0
1291,켐트로닉스,1.0
1292,오스코텍,1.0
